buy_ratio_5m,buy_ratio_1h,ofi_5m,vol_acceleration,price_change_5m,price_change_1h,liq_to_fdv,liquidity_usd,wash_score,label
0.7878787878787878,0.8166666666666667,0.5757575757575758,5.386195519131499,21.17,22.02,0.3511873460693603,21103.55,0.4,1
0.4918032786885246,0.5432399512789281,-0.0163934426229508,0.9543656014288971,-33.12,272.0,0.0,0.0,100.0,0
0.5,0.5964912280701754,0.0,0.0085073288415906,-0.06,23.52,0.0,0.0,100.0,0
0.5,0.603415559772296,0.0,0.0771870604954275,-4.71,196.0,0.2339188340243749,31649.92,2.0,0
0.8619718309859155,0.8629820051413881,0.723943661971831,2.528431353340624,30.1,225.0,0.1681750369933129,41596.75,2.8,1
0.6666666666666666,0.6195826645264848,0.3333333333333333,0.2733014754243937,0.21,-22.88,0.4712969060544036,15887.89,9.1,0
0.8064516129032258,0.8166666666666667,0.6129032258064516,4.951008461497525,19.83,22.02,0.3511727018571523,21102.67,0.4,1
0.4976525821596244,0.5431873479318735,-0.0046948356807511,0.8329622089204467,-18.12,255.0,0.0,0.0,100.0,0
0.5,0.5964912280701754,0.0,0.0085073288415906,-0.06,23.52,0.0,0.0,100.0,0
0.4117647058823529,0.6017029328287606,-0.1764705882352941,0.0886340076204339,-6.03,192.0,0.2357939351241156,31460.57,2.1,0
0.8618025751072962,0.8629072681704261,0.7236051502145923,2.746401100022568,17.44,194.0,0.1766575447994159,39442.86,3.5,1
0.5,0.609105180533752,0.0,0.2204655773143755,-12.93,-33.25,0.5049682991192296,14734.47,7.6,0
0.8867924528301887,0.8493150684931506,0.7735849056603774,4.090909090909091,6.8,31.0,0.35,42000.0,8.0,1
0.8867924528301887,0.8493150684931506,0.7735849056603774,4.090909090909091,6.8,31.0,0.35,42000.0,8.0,1
0.7843971631205674,0.8239838763856231,0.5687943262411348,2.5031404178000773,32.27,226.0,0.1677830511713835,42139.72,3.4,1
0.5886722376973074,0.5886722376973074,0.1773444753946146,10.0,45.23,45.23,0.0,0.0,100.0,0
0.5705765407554672,0.5966822187662001,0.1411530815109344,5.757715549969656,-8.87,207.0,0.0,0.0,100.0,0
0.7835051546391752,0.6550632911392406,0.5670103092783505,3.918984139532586,40.42,14.58,0.3781540405917775,15259.65,4.0,1
0.5347222222222222,0.5411641321447299,0.0694444444444444,9.162772416793873,45.89,23.98,0.3382473116282525,18212.25,13.5,0
0.6712328767123288,0.6612903225806451,0.3424657534246575,0.7748604078151176,-7.6,210.0,0.0,0.0,100.0,0
0.8333333333333334,0.7049180327868853,0.6666666666666666,1.4314243655002394,1.08,15.21,0.6057995878126218,54379.6,0.2,0
0.0,0.5125786163522013,-1.0,0.0191931929814338,-6.5,-21.0,0.0,0.0,100.0,0
0.4797507788161994,0.568337441796768,-0.0404984423676012,0.9386316586989926,-40.57,-76.91,0.6812544731610338,6853.42,25.2,0
0.775,0.7407407407407407,0.55,2.390870795402239,17.08,328.0,0.0,0.0,100.0,0
0.4990439770554493,0.553668890236507,-0.0019120458891013,1.5273864258662615,-65.11,5.5,0.3754334927382218,16957.58,100.0,0
0.5,0.5,0.0,0.0,0.0,0.0,0.9997853499520007,2178466954.57,0.0,0
0.5,0.5,0.0,0.0,0.0,0.0,0.9998812544898495,1597167558.0,0.0,0
0.5,0.5,0.0,0.0,0.0,0.0,0.9998139194421606,2159225098.41,0.0,0
0.5,0.5,0.0,1.0,0.0,0.0,0.7497045963645722,7050105.82,0.0,0
0.5,0.5,0.0,1.0,0.0,0.0,0.9989711052349236,176847223.41,0.0,0
0.5,0.5,0.0,1.0,0.0,0.0,0.8960079331188301,1177115.19,0.0,0
0.5,0.5,0.0,1.0,0.0,0.0,0.3900107754703557,901238.46,0.0,0
0.5,0.5,0.0,1.0,0.0,0.0,0.760021327873909,951101.33,0.0,0
0.5,0.5,0.0,1.0,0.0,0.0,0.9560047098346618,1219101.03,0.0,0
0.5,0.5,0.0,1.0,0.0,0.0,0.7490229513373352,2466899.6,0.0,0
0.5,0.5,0.0,1.0,0.0,0.0,0.9535251317702056,4433845.14,0.0,0
0.5,0.5,0.0,1.0,0.0,0.0,0.9999213463834066,1795109621.03,0.0,0
0.5,0.5,0.0,1.0,0.0,0.0,0.900014297310569,1077702.32,0.0,0
0.5,0.5,0.0,1.0,0.0,0.0,0.9922788294387488,18030742.27,0.0,0
0.8867924528301887,0.8493150684931506,0.7735849056603774,4.090909090909091,6.8,31.0,0.35,42000.0,8.0,1
0.8867924528301887,0.8493150684931506,0.7735849056603774,4.090909090909091,6.8,31.0,0.35,42000.0,8.0,1
0.8867924528301887,0.8493150684931506,0.7735849056603774,4.090909090909091,6.8,31.0,0.35,42000.0,8.0,1
0.8867924528301887,0.8493150684931506,0.7735849056603774,4.090909090909091,6.8,31.0,0.35,42000.0,8.0,1
0.8867924528301887,0.8493150684931506,0.7735849056603774,4.090909090909091,6.8,31.0,0.35,42000.0,8.0,1
0.8867924528301887,0.8493150684931506,0.7735849056603774,4.090909090909091,6.8,31.0,0.35,42000.0,8.0,1
0.6142857142857143,0.5614035087719298,0.2285714285714285,1.0244616208862778,71.8,-43.27,0.5489234112770154,13639.1,14.6,1
0.6142857142857143,0.5614035087719298,0.2285714285714285,1.0244616208862778,71.8,-43.27,0.5489234112770154,13639.1,14.6,1
0.6142857142857143,0.5614035087719298,0.2285714285714285,1.0244616208862778,71.8,-43.27,0.5489234112770154,13639.1,14.6,1
0.535483870967742,0.5420401195049083,0.0709677419354838,2.765550861321849,-30.77,381.0,0.0,0.0,100.0,0
0.535483870967742,0.5420401195049083,0.0709677419354838,2.765550861321849,-30.77,381.0,0.0,0.0,100.0,0
0.535483870967742,0.5420401195049083,0.0709677419354838,2.765550861321849,-30.77,381.0,0.0,0.0,100.0,0
0.5576407506702413,0.6122611464968153,0.1152815013404825,2.9913975699386524,-12.19,245.0,0.0,0.0,100.0,0
0.5576407506702413,0.6122611464968153,0.1152815013404825,2.9913975699386524,-12.19,245.0,0.0,0.0,100.0,0
0.5576407506702413,0.6122611464968153,0.1152815013404825,2.9913975699386524,-12.19,245.0,0.0,0.0,100.0,0
0.37,0.5842068483577918,-0.26,0.4538472631923959,-46.63,-48.21,0.0,0.0,100.0,0
0.37,0.5842068483577918,-0.26,0.4538472631923959,-46.63,-48.21,0.0,0.0,100.0,0
0.37,0.5842068483577918,-0.26,0.4538472631923959,-46.63,-48.21,0.0,0.0,100.0,0
0.6440677966101694,0.5583244962884412,0.288135593220339,0.288070544697296,-10.08,1081.0,0.2811755294117647,23899.92,0.5,0
0.6440677966101694,0.5583244962884412,0.288135593220339,0.288070544697296,-10.08,1081.0,0.2811755294117647,23899.92,0.5,0
0.6440677966101694,0.5583244962884412,0.288135593220339,0.288070544697296,-10.08,1081.0,0.2811755294117647,23899.92,0.5,0
0.1071428571428571,0.5374207188160677,-0.7857142857142857,0.0582417057128878,-21.01,-6.38,0.0,0.0,100.0,0
0.1071428571428571,0.5374207188160677,-0.7857142857142857,0.0582417057128878,-21.01,-6.38,0.0,0.0,100.0,0
0.1071428571428571,0.5374207188160677,-0.7857142857142857,0.0582417057128878,-21.01,-6.38,0.0,0.0,100.0,0
0.6463414634146342,0.5645472061657033,0.2926829268292683,1.0837432310469313,77.55,-41.37,0.5399723509482457,13865.95,14.9,1
0.6463414634146342,0.5645472061657033,0.2926829268292683,1.0837432310469313,77.55,-41.37,0.5399723509482457,13865.95,14.9,1
0.6463414634146342,0.5645472061657033,0.2926829268292683,1.0837432310469313,77.55,-41.37,0.5399723509482457,13865.95,14.9,1
0.5572289156626506,0.5424808836023789,0.1144578313253012,1.9044253987080588,-2.17,387.0,0.0,0.0,100.0,0
0.5572289156626506,0.5424808836023789,0.1144578313253012,1.9044253987080588,-2.17,387.0,0.0,0.0,100.0,0
0.5572289156626506,0.5424808836023789,0.1144578313253012,1.9044253987080588,-2.17,387.0,0.0,0.0,100.0,0
0.5653409090909091,0.6126543209876543,0.1306818181818181,2.854386088982258,-29.34,197.0,0.0,0.0,100.0,0
0.5653409090909091,0.6126543209876543,0.1306818181818181,2.854386088982258,-29.34,197.0,0.0,0.0,100.0,0
0.5653409090909091,0.6126543209876543,0.1306818181818181,2.854386088982258,-29.34,197.0,0.0,0.0,100.0,0
0.3225806451612903,0.5828690807799443,-0.3548387096774194,0.245416505386256,-35.03,-48.43,0.0,0.0,100.0,0
0.3225806451612903,0.5828690807799443,-0.3548387096774194,0.245416505386256,-35.03,-48.43,0.0,0.0,100.0,0
0.3225806451612903,0.5828690807799443,-0.3548387096774194,0.245416505386256,-35.03,-48.43,0.0,0.0,100.0,0
0.7,0.5600425079702445,0.4,0.2212516677688173,-1.95,1060.0,0.2762990484821024,24391.68,0.5,0
0.7,0.5600425079702445,0.4,0.2212516677688173,-1.95,1060.0,0.2762990484821024,24391.68,0.5,0
0.7,0.5600425079702445,0.4,0.2212516677688173,-1.95,1060.0,0.2762990484821024,24391.68,0.5,0
0.0,0.5374207188160677,-1.0,0.052546428262837,-19.52,-6.38,0.0,0.0,100.0,0
0.0,0.5374207188160677,-1.0,0.052546428262837,-19.52,-6.38,0.0,0.0,100.0,0
0.0,0.5374207188160677,-1.0,0.052546428262837,-19.52,-6.38,0.0,0.0,100.0,0
